Patient Name,Gender,Phone,Email, Medical Insurance Card
Jason.Green,Male,1-364-410-6690 x08562,Jason.Green@hotmail.com,6049-8430-8455-0592
Ben_Dickens,Male,551-530-7354 x0506,Ben_Dickens79@gmail.com,1529-4596-1921-4450
Alton_Vandervort,Male,811-714-3148,Alton88@yahoo.com,4201-2365-8025-1667
Theresa16,Female,826-960-1591 x58508,Theresa34@yahoo.com,6493-9371-0043-9728
Robert_Jerde95,Male,(888) 258-7303 x20068,Robert.Jerde65@yahoo.com,2219-3330-8982-1792
Jana.Schmeler,Female,386-275-8812 x4018,Jana_Schmeler@yahoo.com,3649-3111-1387-7471
Nathaniel_Botsford51,Male,(502) 878-3300,Nathaniel.Botsford@hotmail.com,5635-0062-3399-4093
Alison.Towne24,Female,558-321-4825,Alison_Towne9@yahoo.com,4871-7928-4338-9148
Miriam15,Female,1-275-627-5013,Miriam.Weber@yahoo.com,5852-4176-8315-3210
George26,Male,934-857-5803 x6808,George22@gmail.com,3175-2156-1008-0571
Bernadette84,Female,473.543.5453 x42664,Bernadette28@gmail.com,9664-6040-9986-0225
Myra.Emmerich,Female,711-901-8209,Myra_Emmerich39@yahoo.com,3793-2158-4947-9096
Damon.Price,Male,228.775.8701,Damon.Price4@hotmail.com,5466-3180-1839-0845
Sadie.Powlowski,Female,922-371-7885,Sadie46@yahoo.com,8750-9911-5632-2218
Wade_Auer28,Male,395-829-3125 x4695,Wade.Auer71@hotmail.com,7447-6071-6409-8992
Mabel27,Female,1-632-636-3312 x903,Mabel_Barton@hotmail.com,6282-6676-6929-7547
Olive8,Female,716.405.0871,Olive_Goyette31@gmail.com,1051-1565-4800-6365
Angie25,Female,1-945-677-4780 x3387,Angie_OConnell@yahoo.com,7646-6593-2881-4980
Seth_Volkman,Male,619-437-6537 x2996,Seth.Volkman@hotmail.com,5622-2241-8008-0722
Yvonne_Kuhn,Female,1-888-610-0636 x3087,Yvonne.Kuhn62@gmail.com,8753-3093-6967-3854
Ernest.Wilderman43,Male,607.327.3194,Ernest57@yahoo.com,2392-3850-7230-9892
Ray3,Male,1-762-335-0864 x142,Ray28@gmail.com,5435-6951-4488-2931
Miguel47,Male,1-505-884-1592,Miguel26@hotmail.com,6974-9621-0939-0984
Erick_Kunde,Male,818-693-6748,Erick_Kunde84@yahoo.com,7175-0834-4046-3238
Alberto.Cruickshank,Male,1-798-692-6931 x61176,Alberto54@gmail.com,5216-4679-2114-3858
Willie74,Female,927-390-9348,Willie51@hotmail.com,3106-9740-5209-3286
Felix_Kub,Male,1-606-972-3921 x487,Felix_Kub23@gmail.com,1579-1747-1424-4372
Marta.Marks42,Female,506-576-1516 x782,Marta42@hotmail.com,9010-4131-9348-8210
Wade.Rolfson81,Male,1-678-283-4026 x74109,Wade_Rolfson94@yahoo.com,3080-4624-1623-6341
Howard39,Male,1-783-236-6532 x795,Howard_Streich50@yahoo.com,5582-3915-8485-6267
Theodore.Marquardt,Male,457.605.6941 x6437,Theodore_Marquardt@hotmail.com,2473-9308-0515-6401
Rodney.Bergnaum,Male,445.576.0372 x150,Rodney17@yahoo.com,8411-0709-5490-6567
Mario69,Male,1-620-672-6247 x85324,Mario97@hotmail.com,6084-5533-4366-9318
Vivian_Koelpin,Female,1-451-586-3609 x721,Vivian58@yahoo.com,5057-6365-4087-7224
Brad83,Male,576.789.7119,Brad59@gmail.com,5597-2679-9272-3481
Cody.Weber66,Male,479.753.5068 x392,Cody_Weber83@gmail.com,3811-8132-4143-5387
Kenny_Kovacek,Male,1-689-575-8095,Kenny.Kovacek@gmail.com,2826-2045-4968-0685
Betty35,Female,(830) 517-4676 x23633,Betty79@hotmail.com,3101-3227-7211-9249
Hazel_Davis,Female,1-526-631-1488 x83941,Hazel_Davis63@hotmail.com,9218-3601-8100-3891
Johnathan_Kerluke49,Male,351.557.4742 x020,Johnathan_Kerluke13@yahoo.com,7040-7375-9389-2422
Ramona_Klein25,Female,(268) 563-1004 x201,Ramona.Klein@hotmail.com,7765-9264-3544-3261
Marshall28,Male,650.307.5247 x3700,Marshall.Schaden92@yahoo.com,6815-5656-4057-6905
Mabel.Wilkinson3,Female,1-781-233-2105 x8499,Mabel_Wilkinson59@yahoo.com,7039-9211-7240-9581
Myron_Mueller,Male,1-566-879-2874 x36096,Myron_Mueller84@hotmail.com,6629-5085-1938-3517
Catherine.Altenwerth89,Female,(642) 927-7908,Catherine_Altenwerth57@yahoo.com,5768-0999-0644-3646
Alicia_Nicolas78,Female,1-705-288-1462,Alicia60@yahoo.com,1136-7617-9975-4580
Constance44,Female,(602) 744-4499 x49898,Constance.Simonis@yahoo.com,6343-0787-9841-8452
Rachel91,Female,211-559-8282 x66813,Rachel.Cremin@yahoo.com,3673-3619-2697-9937
Carole_DuBuque,Female,(953) 274-7138 x17837,Carole_DuBuque@yahoo.com,6778-7392-9107-1750
Brian_Stark95,Male,676.579.9491,Brian_Stark47@gmail.com,4437-1340-2619-3444
Timmy_Gutmann99,Male,(535) 630-5045 x63367,Timmy_Gutmann96@gmail.com,9050-2439-0747-1142
Lora70,Female,903-658-9554,Lora88@yahoo.com,2252-6632-0517-0229
Ted30,Male,468.994.5453 x7858,Ted_Christiansen2@hotmail.com,7311-4881-4772-7267
James71,Male,(713) 761-0616,James.Ward@hotmail.com,7816-3362-4327-7650
Kenny_Jast74,Male,959-836-0309 x894,Kenny63@hotmail.com,6699-1731-7296-9065
Frank_Weissnat,Male,587-267-9168,Frank_Weissnat@yahoo.com,4337-5650-6990-2279
Kurt_Bruen,Male,(547) 348-4730,Kurt_Bruen83@yahoo.com,6680-5161-4124-5698
14-Mar,Male,1-405-704-5607,Marc12@hotmail.com,4358-5530-4369-2969
Joseph.Schuppe22,Male,699.406.3827 x7671,Joseph76@gmail.com,9171-9409-3348-0883
Noel55,Male,588-563-8048 x037,Noel.Smitham66@hotmail.com,5843-9465-5154-9672
Dave_Conroy,Male,392.730.4491,Dave.Conroy94@hotmail.com,2483-6602-4363-1360
Salvador.Hessel,Male,(350) 542-9866 x559,Salvador21@yahoo.com,1860-1627-4738-9528
Frank49,Male,797-857-7215 x7233,Frank_Yundt@hotmail.com,2961-7171-6806-0398
Joanna_Kulas58,Female,679-560-5527 x170,Joanna96@gmail.com,4941-0518-8253-7224
Fernando45,Male,608-400-2434 x330,Fernando_Johnston39@yahoo.com,5041-7611-0267-8694
Colleen.Schultz18,Female,585-497-7577,Colleen16@hotmail.com,1091-6262-2782-0677
Rosemary.Zboncak,Female,1-618-279-9538,Rosemary0@hotmail.com,7068-4845-4838-2437
Malcolm.Marvin,Male,(602) 924-8139,Malcolm95@yahoo.com,8880-9418-5519-6041
Lynda.Veum47,Female,488-923-5863,Lynda35@yahoo.com,2879-6805-2677-0776
Jackie_Larson,Male,995-366-5180,Jackie.Larson@hotmail.com,1436-8706-1882-2452
Hattie_Corkery4,Female,488.463.8501 x99278,Hattie33@hotmail.com,4400-4387-8896-0003
Jean51,Male,(663) 514-7525 x2731,Jean.Donnelly@gmail.com,2617-2315-1072-9594
Maria23,Female,1-727-409-2299,Maria.Larkin72@yahoo.com,7035-5558-9818-2437
Calvin.Hintz11,Male,543.241.8237,Calvin88@gmail.com,2873-4383-8432-8142
Mack.Klein,Male,1-402-323-9240 x040,Mack34@yahoo.com,4734-9859-7551-4628
April.Hintz,Female,(589) 940-1439,April_Hintz80@yahoo.com,7543-2609-2120-3956
Faith10,Female,(736) 843-3954 x8760,Faith.Senger@gmail.com,8545-3169-1525-0478
Charlene_Robel,Female,852.281.7573,Charlene.Robel@yahoo.com,5646-7437-6736-5916
Roberta.Mueller70,Female,450.277.3257,Roberta8@gmail.com,7437-5597-9515-0778
Charles_Breitenberg,Male,(912) 473-8800 x71295,Charles.Breitenberg@hotmail.com,3033-7631-7702-5516
Jamie.Howell,Female,766.559.5587,Jamie.Howell6@yahoo.com,7748-6014-6592-4132
Perry.Nolan61,Male,519-806-0791,Perry96@yahoo.com,3498-4332-3372-5847
Ervin.Gutkowski46,Male,1-951-775-6524 x98613,Ervin87@hotmail.com,2425-2221-2915-6737
Gilbert.Tromp59,Male,570-553-7639,Gilbert.Tromp6@hotmail.com,5032-6550-2425-5847
Angelina70,Female,981.740.9076 x937,Angelina19@yahoo.com,7094-3331-4983-7261
Armando54,Male,659-333-4294 x484,Armando.Rogahn@gmail.com,7728-3723-9290-0993
Emilio40,Male,(980) 645-1469 x31238,Emilio56@hotmail.com,8989-8368-2250-3161
Mae.Romaguera67,Female,1-365-483-7471,Mae.Romaguera44@hotmail.com,4760-7022-8779-3275
Ervin25,Male,747.327.2917 x589,Ervin86@hotmail.com,6194-6136-5727-4979
Ella_OConner,Female,517-365-2992 x46441,Ella28@yahoo.com,1809-6665-1689-2687
Edna22,Female,(327) 211-7669 x5768,Edna0@gmail.com,1165-6998-8772-7690
Alvin_Volkman36,Male,1-725-911-2754 x42086,Alvin.Volkman61@yahoo.com,9207-1694-3387-9372
Beatrice.Hettinger,Female,628.247.6242 x826,Beatrice_Hettinger31@hotmail.com,1517-7216-4545-3492
Terrell54,Male,1-278-304-0128 x67849,Terrell.Fadel39@yahoo.com,4742-2601-7385-9675
Ralph75,Male,298-762-0512,Ralph.Ratke@hotmail.com,3845-8512-4273-6778
Karen53,Female,296-706-3345,Karen.Witting@hotmail.com,8559-1116-9325-3737
Roberta41,Female,428-265-7903,Roberta.Becker@hotmail.com,6254-4911-3538-2952
Omar_Bruen,Male,(736) 345-7161 x196,Omar86@hotmail.com,2326-7323-5365-3798
Katie31,Female,(507) 362-6458,Katie_Buckridge@yahoo.com,7509-9941-1017-4958
Lynette_Shanahan,Female,1-533-882-3336 x6493,Lynette.Shanahan29@yahoo.com,7586-2372-6189-9813
Hilda14,Female,(951) 817-3774 x99022,Hilda61@gmail.com,3214-2041-6975-5140
Geoffrey_West,Male,(273) 988-3954,Geoffrey.West@gmail.com,3355-9281-4538-2651
Aaron_Heidenreich,Male,(967) 994-8922 x6299,Aaron.Heidenreich24@gmail.com,8034-3091-6911-7168
Carla_Crooks35,Female,803-539-7215 x570,Carla_Crooks@yahoo.com,5135-6777-5536-6736
Bradley_Dicki,Male,457-781-8408 x1163,Bradley_Dicki53@gmail.com,7090-4761-3433-9117
Carl.Schultz17,Male,(218) 273-8495 x198,Carl64@hotmail.com,7912-2941-7179-9355
Stacey_DAmore87,Female,228-852-5002 x566,Stacey_DAmore87@yahoo.com,8323-3549-5465-1820
Rodolfo.Weissnat42,Male,924.998.2473 x5261,Rodolfo.Weissnat@yahoo.com,6352-6247-0579-6407
William_Swift81,Male,1-360-655-2965 x755,William_Swift88@gmail.com,2280-1082-0196-6235
Joey51,Male,(373) 512-8586 x737,Joey.Kihn@gmail.com,6200-4945-7047-0013
